a,b,c,d,e,f,g,h,i,j,k,l,m,n,o,p,q,r,s,t,days
1,0,0,0,0,0,0,0,0,0,0,0,0,0,0,0,0,0,0,0,2.17
1,0,0,0,0,0,0,0,0,0,0,0,0,0,0,0,0,0,0,0,2.08
1,1,0,0,0,0,0,0,0,0,0,0,0,0,0,0,0,0,0,0,4.38
1,1,0,0,0,0,0,0,0,0,0,0,0,0,0,0,0,0,0,0,4.06
0,0,1,0,0,0,0,0,0,0,0,0,0,0,0,0,0,0,0,0,1.14
0,0,1,0,0,0,0,0,0,0,0,0,0,0,0,0,0,0,0,0,1.46
0,0,0,1,0,0,0,0,0,0,0,0,0,0,0,0,0,0,0,0,0.98
0,0,0,1,0,0,0,0,0,0,0,0,0,0,0,0,0,0,0,0,0.55
0,0,0,1,0,1,0,0,1,1,0,0,0,0,0,0,0,0,0,0,6.27
1,0,0,0,1,0,0,0,0,0,0,0,0,0,0,0,0,0,0,0,4.97
0,0,0,1,0,1,0,0,0,0,0,0,0,0,0,0,0,0,0,0,3.79
0,0,1,0,0,0,1,0,0,0,0,0,0,0,0,0,0,0,0,0,2.73
0,0,0,0,0,0,0,1,0,0,0,0,0,0,0,0,0,0,0,0,-0.14
0,0,0,0,0,0,0,1,0,0,0,0,0,0,0,0,0,0,0,0,0.46
0,0,0,1,0,1,0,0,1,0,0,0,0,0,0,0,0,0,0,0,5.09
0,0,1,0,0,0,1,0,1,0,0,0,0,0,0,0,0,0,0,0,5.06
0,0,0,1,0,1,0,0,1,0,1,0,0,0,0,0,0,0,0,0,6.34
0,0,1,0,0,0,1,0,1,0,1,0,0,0,0,0,0,0,0,0,6.27
1,0,0,0,0,0,0,0,0,0,0,1,0,0,0,0,0,0,0,0,6.44
1,0,0,0,0,0,0,0,0,0,0,1,0,0,0,0,0,0,0,0,5.81
1,0,0,0,0,0,0,0,0,0,0,1,1,0,0,0,0,0,0,0,7.68
1,0,0,0,0,0,0,0,0,0,0,1,1,0,0,0,0,0,0,0,7.55
0,0,1,0,0,0,0,0,0,0,0,0,0,1,0,0,0,0,0,0,3.3
0,0,1,0,0,0,0,0,0,0,0,0,0,1,0,0,0,0,0,0,3.06
0,0,1,0,0,0,0,0,0,0,0,0,0,1,1,0,0,0,0,0,5.41
0,0,1,0,0,0,0,0,0,0,0,0,0,1,1,0,0,0,0,0,5.41
0,0,1,0,0,0,0,0,0,0,0,0,0,1,0,1,0,0,0,0,11.83
0,0,1,0,0,0,0,0,0,0,0,0,0,1,0,1,0,0,0,0,12.03
0,0,0,1,0,1,0,0,1,0,1,0,0,0,0,0,0,1,0,0,7.71
1,1,0,0,0,0,0,0,0,0,0,0,0,0,0,0,0,0,1,0,10.45
0,1,0,0,0,0,0,0,0,0,0,0,0,0,0,0,0,0,0,0,1.82
0,1,0,0,0,0,0,0,0,0,0,0,0,0,0,0,0,0,0,0,1.91
1,0,1,0,0,0,0,0,0,0,0,0,0,0,0,0,0,0,0,0,3.23
1,0,1,0,0,0,0,0,0,0,0,0,0,0,0,0,0,0,0,0,2.66
1,0,0,1,0,0,0,0,0,0,0,0,0,0,0,0,0,0,0,0,3.13
1,0,0,1,0,0,0,0,0,0,0,0,0,0,0,0,0,0,0,0,3.4
0,0,0,0,1,0,0,0,0,0,0,0,0,0,0,0,0,0,0,0,3.32
0,0,0,0,1,0,0,0,0,0,0,0,0,0,0,0,0,0,0,0,2.73
1,0,0,1,0,1,0,0,0,0,0,0,0,0,0,0,0,0,0,0,6.47
1,0,1,0,0,0,1,0,0,0,0,0,0,0,0,0,0,0,0,0,4.59
1,0,0,0,0,0,0,1,0,0,0,0,0,0,0,0,0,0,0,0,1.78
1,0,0,0,0,0,0,1,0,0,0,0,0,0,0,0,0,0,0,0,1.57
1,0,0,1,0,1,0,0,1,0,0,0,0,0,0,0,0,0,0,0,6.58
0,0,0,0,1,0,0,0,0,1,0,0,0,0,0,0,0,0,0,0,4.08
1,0,0,1,0,1,0,0,1,0,1,0,0,0,0,0,0,0,0,0,9.48
0,0,0,0,1,0,0,0,0,1,1,0,0,0,0,0,0,0,0,0,6.15
0,0,0,0,0,0,0,0,0,0,0,1,0,0,0,0,0,0,0,0,3.53
0,0,0,0,0,0,0,0,0,0,0,1,0,0,0,0,0,0,0,0,4.48
0,0,0,0,0,0,0,0,0,0,0,1,1,0,0,0,0,0,0,0,5.74
0,0,0,0,0,0,0,0,0,0,0,1,1,0,0,0,0,0,0,0,6.1
1,0,1,0,0,0,0,0,0,0,0,0,0,1,0,0,0,0,0,0,5.07
1,0,1,0,0,0,0,0,0,0,0,0,0,1,0,0,0,0,0,0,4.77
1,0,1,0,0,0,0,0,0,0,0,0,0,1,1,0,0,0,0,0,6.82
1,0,1,0,0,0,0,0,0,0,0,0,0,1,1,0,0,0,0,0,6.76
1,0,1,0,0,0,0,0,0,0,0,0,0,1,0,1,0,0,0,0,14.27
1,0,1,0,0,0,0,0,0,0,0,0,0,1,0,1,0,0,0,0,14.48
1,0,0,1,0,1,0,0,1,0,1,0,0,0,0,0,0,1,0,0,11.37
0,1,0,0,0,0,0,0,0,0,0,0,0,0,0,0,0,0,1,0,8.34
1,1,1,0,0,0,0,0,0,0,0,0,0,0,0,0,0,0,0,0,4.76
1,1,1,0,0,0,0,0,0,0,0,0,0,0,0,0,0,0,0,0,4.79
1,1,0,1,0,0,0,0,0,0,0,0,0,0,0,0,0,0,0,0,5.32
1,1,0,1,0,0,0,0,0,0,0,0,0,0,0,0,0,0,0,0,4.62
0,1,0,0,1,0,0,0,0,0,0,0,0,0,0,0,0,0,0,0,5.49
0,1,0,0,1,0,0,0,0,0,0,0,0,0,0,0,0,0,0,0,4.97
1,1,0,1,0,1,0,0,0,0,0,0,0,0,0,0,0,0,0,0,7.85
1,1,1,0,0,0,1,0,0,0,0,0,0,0,0,0,0,0,0,0,7.04
1,1,0,0,0,0,0,1,0,0,0,0,0,0,0,0,0,0,0,0,4.91
1,1,0,0,0,0,0,1,0,0,0,0,0,0,0,0,0,0,0,0,5.04
1,1,0,1,0,1,0,0,1,0,0,0,0,0,0,0,0,0,0,0,8.5
0,1,0,0,1,0,0,0,0,1,0,0,0,0,0,0,0,0,0,0,5.87
1,1,0,1,0,1,0,0,1,0,1,0,0,0,0,0,0,0,0,0,10.69
0,0,0,0,0,0,0,0,0,0,0,0,0,0,0,0,0,1,1,0,7.61
0,1,0,0,0,0,0,0,0,0,0,1,0,0,0,0,0,0,0,0,5.89
0,1,0,0,0,0,0,0,0,0,0,1,0,0,0,0,0,0,0,0,6.31
0,1,0,0,0,0,0,0,0,0,0,1,1,0,0,0,0,0,0,0,7.58
0,1,0,0,0,0,0,0,0,0,0,1,1,0,0,0,0,0,0,0,8.24
1,1,1,0,0,0,0,0,0,0,0,0,0,1,0,0,0,0,0,0,7.46
1,1,1,0,0,0,0,0,0,0,0,0,0,1,0,0,0,0,0,0,6.52
1,1,1,0,0,0,0,0,0,0,0,0,0,1,1,0,0,0,0,0,8.8
0,0,0,0,0,0,0,0,0,0,0,0,0,0,0,0,1,1,1,0,15.6
1,1,1,0,0,0,0,0,0,0,0,0,0,1,0,1,0,0,0,0,16.01
1,1,1,0,0,0,0,0,0,0,0,0,0,1,0,1,0,0,0,0,16.37
1,1,0,1,0,1,0,0,1,0,1,0,0,0,0,0,0,1,0,0,13.0
0,0,0,0,0,0,0,0,0,0,0,0,0,0,0,0,0,0,1,0,6.28
0,0,1,1,0,0,0,0,0,0,0,0,0,0,0,0,0,0,0,0,2.52
0,0,1,1,0,0,0,0,0,0,0,0,0,0,0,0,0,0,0,0,2.92
0,0,1,1,0,1,0,0,1,1,0,0,0,0,0,0,0,0,0,0,8.0
0,0,0,0,0,0,1,0,1,1,0,0,0,0,0,0,0,0,0,0,5.2
0,0,1,1,0,1,0,0,0,0,0,0,0,0,0,0,0,0,0,0,4.53
0,0,0,0,0,0,1,0,0,0,0,0,0,0,0,0,0,0,0,0,2.15
0,0,1,0,0,0,0,1,0,0,0,0,0,0,0,0,0,0,0,0,1.7
0,0,1,0,0,0,0,1,0,0,0,0,0,0,0,0,0,0,0,0,1.89
0,0,1,1,0,1,0,0,1,0,0,0,0,0,0,0,0,0,0,0,5.65
0,0,0,0,0,0,1,0,1,0,0,0,0,0,0,0,0,0,0,0,2.65
0,0,1,1,0,1,0,0,1,0,1,0,0,0,0,0,0,0,0,0,8.42
0,0,0,0,0,0,1,0,1,0,1,0,0,0,0,0,0,0,0,0,4.99
1,0,1,0,0,0,0,0,0,0,0,1,0,0,0,0,0,0,0,0,6.54
1,0,1,0,0,0,0,0,0,0,0,1,0,0,0,0,0,0,0,0,6.96
1,0,1,0,0,0,0,0,0,0,0,1,1,0,0,0,0,0,0,0,8.98
1,0,1,0,0,0,0,0,0,0,0,1,1,0,0,0,0,0,0,0,8.84
0,0,0,0,0,0,0,0,0,0,0,0,0,1,0,0,0,0,0,0,2.49
0,0,0,0,0,0,0,0,0,0,0,0,0,1,0,0,0,0,0,0,1.74
0,0,0,0,0,0,0,0,0,0,0,0,0,1,1,0,0,0,0,0,3.72
0,0,0,0,0,0,0,0,0,0,0,0,0,1,1,0,0,0,0,0,4.08
0,0,0,0,0,0,0,0,0,0,0,0,0,1,0,1,0,0,0,0,10.13
0,0,0,0,0,0,0,0,0,0,0,0,0,1,0,1,0,0,0,0,10.24
0,0,1,1,0,1,0,0,1,0,1,0,0,0,0,0,0,1,0,0,10.16
0,0,0,0,0,0,1,0,1,0,1,0,0,0,0,0,0,1,0,0,6.67
0,0,0,0,0,1,0,0,1,1,0,0,0,0,0,0,0,0,0,0,4.56
0,0,0,0,0,1,0,0,1,1,0,0,0,0,0,0,0,0,0,0,4.88
0,0,0,0,0,1,0,0,0,0,0,0,0,0,0,0,0,0,0,0,1.76
0,0,0,0,0,1,0,0,0,0,0,0,0,0,0,0,0,0,0,0,1.86
0,0,0,1,0,0,0,1,0,0,0,0,0,0,0,0,0,0,0,0,2.38
0,0,0,1,0,0,0,1,0,0,0,0,0,0,0,0,0,0,0,0,2.46
0,0,0,0,0,1,0,0,1,0,0,0,0,0,0,0,0,0,0,0,2.52
0,0,0,0,0,1,0,0,1,0,0,0,0,0,0,0,0,0,0,0,2.56
0,0,0,0,0,1,0,0,1,0,1,0,0,0,0,0,0,0,0,0,4.69
0,0,0,0,0,1,0,0,1,0,1,0,0,0,0,0,0,0,0,0,5.16
1,0,0,1,0,0,0,0,0,0,0,1,0,0,0,0,0,0,0,0,7.11
1,0,0,1,0,0,0,0,0,0,0,1,0,0,0,0,0,0,0,0,7.11
1,0,0,1,0,0,0,0,0,0,0,1,1,0,0,0,0,0,0,0,10.26
1,0,0,1,0,0,0,0,0,0,0,1,1,0,0,0,0,0,0,0,10.42
0,0,1,1,0,0,0,0,0,0,0,0,0,1,0,0,0,0,0,0,4.84
0,0,1,1,0,0,0,0,0,0,0,0,0,1,0,0,0,0,0,0,4.53
0,0,1,1,0,0,0,0,0,0,0,0,0,1,1,0,0,0,0,0,6.82
0,0,1,1,0,0,0,0,0,0,0,0,0,1,1,0,0,0,0,0,6.82
0,0,1,1,0,0,0,0,0,0,0,0,0,1,0,1,0,0,0,0,13.08
0,0,1,1,0,0,0,0,0,0,0,0,0,1,0,1,0,0,0,0,12.6
0,0,0,0,0,1,0,0,1,0,1,0,0,0,0,0,0,1,0,0,6.73
0,0,0,0,0,1,0,0,1,0,1,0,0,0,0,0,0,1,0,0,6.89
0,0,0,0,0,0,0,0,1,1,0,0,0,0,0,0,0,0,0,0,2.13
0,0,0,0,0,0,0,0,1,1,0,0,0,0,0,0,0,0,0,0,2.46
0,0,0,1,0,1,0,1,1,1,0,0,0,0,0,0,0,0,0,0,6.55
1,0,0,0,1,0,0,1,0,0,0,0,0,0,0,0,0,0,0,0,5.6
0,0,0,0,0,0,0,0,0,1,0,0,0,0,0,0,0,0,0,0,1.14
0,0,0,0,0,0,0,0,0,1,0,0,0,0,0,0,0,0,0,0,0.55
0,0,0,0,0,0,0,0,0,1,1,0,0,0,0,0,0,0,0,0,1.75
0,0,0,0,0,0,0,0,0,1,1,0,0,0,0,0,0,0,0,0,1.92
0,0,0,0,1,0,0,0,0,0,0,1,0,0,0,0,0,0,0,0,6.68
0,0,0,0,1,0,0,0,0,0,0,1,0,0,0,0,0,0,0,0,7.45
0,0,0,0,1,0,0,0,0,0,0,1,1,0,0,0,0,0,0,0,8.9
0,0,0,0,1,0,0,0,0,0,0,1,1,0,0,0,0,0,0,0,8.94
0,0,1,1,0,1,0,0,1,1,0,0,0,1,0,0,0,0,0,0,10.48
0,0,0,0,0,0,1,0,1,1,0,0,0,1,0,0,0,0,0,0,6.52
0,0,1,1,0,1,0,0,1,1,0,0,0,1,1,0,0,0,0,0,11.86
0,0,0,0,0,0,0,0,0,1,1,0,0,0,0,0,1,0,0,0,10.29
0,0,1,1,0,1,0,0,1,1,0,0,0,1,0,1,0,0,0,0,18.49
0,0,0,0,0,0,1,0,1,1,0,0,0,1,0,1,0,0,0,0,15.2
0,0,0,0,0,0,0,0,0,1,1,0,0,0,0,0,0,1,0,0,4.45
0,0,0,0,0,0,0,0,0,1,1,0,0,0,0,0,0,1,0,0,3.96
0,0,0,1,0,1,0,1,0,0,0,0,0,0,0,0,0,0,0,0,4.71
0,0,1,0,0,0,1,1,0,0,0,0,0,0,0,0,0,0,0,0,4.4
0,0,0,0,0,0,0,0,1,0,0,0,0,0,0,0,0,0,0,0,1.47
0,0,0,0,0,0,0,0,1,0,0,0,0,0,0,0,0,0,0,0,0.96
0,0,0,0,0,0,0,0,1,0,1,0,0,0,0,0,0,0,0,0,2.4
0,0,0,0,0,0,0,0,1,0,1,0,0,0,0,0,0,0,0,0,1.53
1,0,0,1,0,1,0,0,0,0,0,1,0,0,0,0,0,0,0,0,9.81
0,0,0,0,1,0,0,0,1,1,0,1,0,0,0,0,0,0,0,0,10.49
1,0,0,1,0,1,0,0,0,0,0,1,1,0,0,0,0,0,0,0,11.69
0,0,0,0,1,0,0,0,1,1,0,1,1,0,0,0,0,0,0,0,12.05
0,0,1,1,0,1,0,0,0,0,0,0,0,1,0,0,0,0,0,0,6.91
0,0,0,0,0,0,1,0,0,0,0,0,0,1,0,0,0,0,0,0,4.44
0,0,1,1,0,1,0,0,0,0,0,0,0,1,1,0,0,0,0,0,8.68
0,0,0,0,0,0,1,0,0,0,0,0,0,1,1,0,0,0,0,0,5.63
0,0,1,1,0,1,0,0,0,0,0,0,0,1,0,1,0,0,0,0,15.72
0,0,0,0,0,0,1,0,0,0,0,0,0,1,0,1,0,0,0,0,12.6
0,0,0,0,0,0,0,0,1,0,1,0,0,0,0,0,0,1,0,0,3.67
0,0,0,0,0,0,0,0,1,0,1,0,0,0,0,0,0,1,0,0,3.86
0,0,0,1,0,1,0,1,1,0,0,0,0,0,0,0,0,0,0,0,5.84
0,0,1,0,0,0,1,1,1,0,0,0,0,0,0,0,0,0,0,0,5.51
0,0,0,1,0,1,0,1,1,0,1,0,0,0,0,0,0,0,0,0,7.43
0,0,1,0,0,0,1,1,1,0,1,0,0,0,0,0,0,0,0,0,6.62
1,0,0,0,0,0,0,1,0,0,0,1,0,0,0,0,0,0,0,0,6.72
1,0,0,0,0,0,0,1,0,0,0,1,0,0,0,0,0,0,0,0,7.29
1,0,0,0,0,0,0,1,0,0,0,1,1,0,0,0,0,0,0,0,8.71
1,0,0,0,0,0,0,1,0,0,0,1,1,0,0,0,0,0,0,0,9.36
0,0,1,0,0,0,0,1,0,0,0,0,0,1,0,0,0,0,0,0,4.02
0,0,1,0,0,0,0,1,0,0,0,0,0,1,0,0,0,0,0,0,4.34
0,0,1,0,0,0,0,1,0,0,0,0,0,1,1,0,0,0,0,0,5.93
0,0,1,0,0,0,0,1,0,0,0,0,0,1,1,0,0,0,0,0,6.19
0,0,1,0,0,0,0,1,0,0,0,0,0,1,0,1,0,0,0,0,11.88
0,0,1,0,0,0,0,1,0,0,0,0,0,1,0,1,0,0,0,0,12.05
0,0,0,1,0,1,0,1,1,0,1,0,0,0,0,0,0,1,0,0,8.93
1,1,0,0,0,0,0,1,0,0,0,0,0,0,0,0,0,0,1,0,10.76
0,0,0,0,0,0,0,0,0,0,1,0,0,0,0,0,0,0,0,0,0.72
0,0,0,0,0,0,0,0,0,0,1,0,0,0,0,0,0,0,0,0,0.87
1,0,0,1,0,1,0,0,1,0,0,1,0,0,0,0,0,0,0,0,11.16
0,0,0,0,1,0,0,0,0,1,0,1,0,0,0,0,0,0,0,0,8.11
1,0,0,1,0,1,0,0,1,0,0,1,1,0,0,0,0,0,0,0,12.95
0,0,0,0,1,0,0,0,0,1,0,1,1,0,0,0,0,0,0,0,10.45
0,0,1,1,0,1,0,0,1,0,0,0,0,1,0,0,0,0,0,0,7.94
0,0,0,0,0,0,1,0,1,0,0,0,0,1,0,0,0,0,0,0,5.34
0,0,1,1,0,1,0,0,1,0,0,0,0,1,1,0,0,0,0,0,10.75
0,0,0,0,0,0,0,0,0,0,1,0,0,0,0,0,1,0,0,0,8.87
0,0,1,1,0,1,0,0,1,0,0,0,0,1,0,1,0,0,0,0,17.04
0,0,0,0,0,0,1,0,1,0,0,0,0,1,0,1,0,0,0,0,13.58
0,0,0,0,0,0,0,0,0,0,1,0,0,0,0,0,0,1,0,0,3.09
0,0,0,0,0,0,0,0,0,0,1,0,0,0,0,0,0,1,0,0,3.3
1,0,0,1,0,1,0,0,1,0,1,1,0,0,0,0,0,0,0,0,13.41
0,0,0,0,1,0,0,0,0,1,1,1,0,0,0,0,0,0,0,0,9.59
1,0,0,1,0,1,0,0,1,0,1,1,1,0,0,0,0,0,0,0,15.25
0,0,0,0,1,0,0,0,0,1,1,1,1,0,0,0,0,0,0,0,11.64
0,0,1,1,0,1,0,0,1,0,1,0,0,1,0,0,0,0,0,0,9.71
0,0,0,0,0,0,0,0,0,0,0,0,0,0,1,0,1,0,0,0,8.97
0,0,1,1,0,1,0,0,1,0,1,0,0,1,1,0,0,0,0,0,11.69
0,0,0,0,0,0,0,0,0,0,0,0,0,0,0,0,1,0,0,0,7.36
0,0,1,1,0,1,0,0,1,0,1,0,0,1,0,1,0,0,0,0,18.17
0,0,0,0,0,0,0,0,0,0,0,0,0,0,1,1,1,0,0,0,17.62
0,0,0,0,0,0,0,0,0,0,0,0,0,0,0,0,0,1,0,0,1.96
0,0,0,0,0,0,0,0,0,0,0,0,0,0,0,0,0,1,0,0,2.45
0,0,0,0,0,0,0,0,0,0,0,0,1,0,0,0,0,0,0,0,2.49
0,0,0,0,0,0,0,0,0,0,0,0,1,0,0,0,0,0,0,0,2.3
1,0,1,0,0,0,0,0,0,0,0,1,0,1,0,0,0,0,0,0,8.9
1,0,1,0,0,0,0,0,0,0,0,1,0,1,0,0,0,0,0,0,8.99
1,0,1,0,0,0,0,0,0,0,0,1,0,1,1,0,0,0,0,0,11.27
1,0,1,0,0,0,0,0,0,0,0,1,0,1,1,0,0,0,0,0,11.01
0,0,0,0,0,0,0,0,0,0,0,0,1,0,0,0,0,0,0,1,12.74
0,0,0,0,0,0,0,0,0,0,0,0,1,0,0,0,0,0,0,1,12.89
1,0,0,1,0,1,0,0,1,0,1,1,0,0,0,0,0,1,0,0,15.12
0,1,0,0,0,0,0,0,0,0,0,1,0,0,0,0,0,0,1,0,12.15
1,0,1,0,0,0,0,0,0,0,0,1,1,1,0,0,0,0,0,0,11.16
0,0,0,0,0,0,0,0,0,0,0,0,0,0,0,1,0,0,0,1,20.18
1,0,1,0,0,0,0,0,0,0,0,1,1,1,1,0,0,0,0,0,12.5
0,0,0,0,0,0,0,0,0,0,0,0,0,0,1,1,0,0,0,1,21.86
0,0,0,0,0,0,0,0,0,0,0,0,0,0,0,0,0,0,0,1,10.52
0,0,0,0,0,0,0,0,0,0,0,0,0,0,0,0,0,0,0,1,11.15
1,0,0,1,0,1,0,0,1,0,1,1,1,0,0,0,0,1,0,0,16.54
0,1,0,0,0,0,0,0,0,0,0,1,1,0,0,0,0,0,1,0,14.13
0,0,0,0,0,0,0,0,0,0,0,0,0,0,1,0,0,0,0,0,2.17
0,0,0,0,0,0,0,0,0,0,0,0,0,0,1,0,0,0,0,0,2.42
0,0,0,0,0,0,0,0,0,0,0,0,0,0,0,1,0,0,0,0,8.08
0,0,0,0,0,0,0,0,0,0,0,0,0,0,0,1,0,0,0,0,8.24
0,0,1,1,0,1,0,0,1,0,1,0,0,1,0,0,0,1,0,0,11.86
0,0,0,0,0,0,0,0,0,0,0,0,0,0,1,0,1,1,0,0,11.43
0,0,0,0,0,0,0,0,0,0,0,0,0,0,1,1,0,0,0,0,10.39
0,0,0,0,0,0,0,0,0,0,0,0,0,0,1,1,0,0,0,0,10.46
0,0,1,1,0,1,0,0,1,0,1,0,0,1,1,0,0,1,0,0,13.63
0,0,0,0,0,0,0,0,0,0,0,0,0,0,0,0,1,1,0,0,8.88
0,0,1,1,0,1,0,0,1,0,1,0,0,1,0,1,0,1,0,0,19.66
0,0,0,0,0,0,0,0,0,0,0,0,0,0,1,1,1,1,0,0,19.92
